<application>
  <component name="MaterialThemeConfig">
    <option name="isWizardShown" value="true" />
    <option name="treeFontSizeEnabled" value="true" />
    <option name="tabFontSizeEnabled" value="true" />
    <option name="indicatorStyle" value="None" />
    <option name="accentColor" value="ff79c5" />
    <option name="secondAccentColor" />
    <option name="highlightColor" />
    <option name="focusColor" />
    <option name="selectedTheme" value="DRACULA" />
    <option name="userId" value="19172291:18d1592a680:-8000" />
    <option name="version" value="8.13.2" />
    <option name="tabHighlightPosition" value="Bottom" />
  </component>
</application>