<keymap version="1" name="GNOME copy" parent="Default for GNOME">
  <action id="ActivateTerminalToolWindow">
    <keyboard-shortcut first-keystroke="ctrl j" />
  </action>
  <action id="Diff.ApplyLeftSide" />
  <action id="EditorToggleUseSoftWraps">
    <keyboard-shortcut first-keystroke="alt z" />
  </action>
  <action id="ImportSettings">
    <keyboard-shortcut first-keystroke="ctrl alt caps_lock" />
  </action>
  <action id="InsertLiveTemplate">
    <keyboard-shortcut first-keystroke="alt f12" />
  </action>
  <action id="ShowFilePath">
    <keyboard-shortcut first-keystroke="ctrl alt r" />
  </action>
  <action id="WelcomeScreen.Configure.Export">
    <keyboard-shortcut first-keystroke="ctrl dead_tilde" />
  </action>
</keymap>